[
    { "label_asym_id": "A", "beg_label_seq_id": 25, "end_label_seq_id": 31, "secondary_structure": "strand", "sheet_id": "A" },
    { "label_asym_id": "A", "beg_label_seq_id": 14, "end_label_seq_id": 19, "secondary_structure": "strand", "sheet_id": "A" },
    { "label_asym_id": "A", "beg_label_seq_id": 4, "end_label_seq_id": 9, "secondary_structure": "strand", "sheet_id": "A" },
    { "label_asym_id": "A", "beg_label_seq_id": 62, "end_label_seq_id": 67, "secondary_structure": "strand", "sheet_id": "A" },
    { "label_asym_id": "A", "beg_label_seq_id": 89, "end_label_seq_id": 94, "secondary_structure": "strand", "sheet_id": "A" },
    { "label_asym_id": "A", "beg_label_seq_id": 128, "end_label_seq_id": 132, "secondary_structure": "strand", "sheet_id": "B" },
    { "label_asym_id": "A", "beg_label_seq_id": 118, "end_label_seq_id": 123, "secondary_structure": "strand", "sheet_id": "B" },
    { "label_asym_id": "A", "beg_label_seq_id": 109, "end_label_seq_id": 114, "secondary_structure": "strand", "sheet_id": "B" },
    { "label_asym_id": "A", "beg_label_seq_id": 242, "end_label_seq_id": 246, "secondary_structure": "strand", "sheet_id": "B" },
    { "label_asym_id": "A", "beg_label_seq_id": 269, "end_label_seq_id": 271, "secondary_structure": "strand", "sheet_id": "B" },
    { "label_asym_id": "B", "beg_label_seq_id": 25, "end_label_seq_id": 31, "secondary_structure": "strand", "sheet_id": "C" },
    { "label_asym_id": "B", "beg_label_seq_id": 14, "end_label_seq_id": 19, "secondary_structure": "strand", "sheet_id": "C" },
    { "label_asym_id": "B", "beg_label_seq_id": 4, "end_label_seq_id": 9, "secondary_structure": "strand", "sheet_id": "C" },
    { "label_asym_id": "B", "beg_label_seq_id": 62, "end_label_seq_id": 67, "secondary_structure": "strand", "sheet_id": "C" },
    { "label_asym_id": "B", "beg_label_seq_id": 89, "end_label_seq_id": 94, "secondary_structure": "strand", "sheet_id": "C" },
    { "label_asym_id": "B", "beg_label_seq_id": 128, "end_label_seq_id": 132, "secondary_structure": "strand", "sheet_id": "D" },
    { "label_asym_id": "B", "beg_label_seq_id": 118, "end_label_seq_id": 123, "secondary_structure": "strand", "sheet_id": "D" },
    { "label_asym_id": "B", "beg_label_seq_id": 109, "end_label_seq_id": 114, "secondary_structure": "strand", "sheet_id": "D" },
    { "label_asym_id": "B", "beg_label_seq_id": 242, "end_label_seq_id": 246, "secondary_structure": "strand", "sheet_id": "D" },
    { "label_asym_id": "B", "beg_label_seq_id": 269, "end_label_seq_id": 272, "secondary_structure": "strand", "sheet_id": "D" },
    { "label_asym_id": "A", "beg_label_seq_id": 35, "end_label_seq_id": 40, "secondary_structure": "helix" },
    { "label_asym_id": "A", "beg_label_seq_id": 40, "end_label_seq_id": 57, "secondary_structure": "helix" },
    { "label_asym_id": "A", "beg_label_seq_id": 72, "end_label_seq_id": 84, "secondary_structure": "helix" },
    { "label_asym_id": "A", "beg_label_seq_id": 85, "end_label_seq_id": 87, "secondary_structure": "helix" },
    { "label_asym_id": "A", "beg_label_seq_id": 95, "end_label_seq_id": 105, "secondary_structure": "helix" },
    { "label_asym_id": "A", "beg_label_seq_id": 143, "end_label_seq_id": 160, "secondary_structure": "helix" },
    { "label_asym_id": "A", "beg_label_seq_id": 166, "end_label_seq_id": 176, "secondary_structure": "helix" },
    { "label_asym_id": "A", "beg_label_seq_id": 180, "end_label_seq_id": 192, "secondary_structure": "helix" },
    { "label_asym_id": "A", "beg_label_seq_id": 194, "end_label_seq_id": 200, "secondary_structure": "helix" },
    { "label_asym_id": "A", "beg_label_seq_id": 201, "end_label_seq_id": 211, "secondary_structure": "helix" },
    { "label_asym_id": "A", "beg_label_seq_id": 213, "end_label_seq_id": 239, "secondary_structure": "helix" },
    { "label_asym_id": "A", "beg_label_seq_id": 247, "end_label_seq_id": 251, "secondary_structure": "helix" },
    { "label_asym_id": "A", "beg_label_seq_id": 252, "end_label_seq_id": 266, "secondary_structure": "helix" },
    { "label_asym_id": "A", "beg_label_seq_id": 276, "end_label_seq_id": 290, "secondary_structure": "helix" },
    { "label_asym_id": "A", "beg_label_seq_id": 292, "end_label_seq_id": 297, "secondary_structure": "helix" },
    { "label_asym_id": "B", "beg_label_seq_id": 35, "end_label_seq_id": 40, "secondary_structure": "helix" },
    { "label_asym_id": "B", "beg_label_seq_id": 40, "end_label_seq_id": 57, "secondary_structure": "helix" },
    { "label_asym_id": "B", "beg_label_seq_id": 72, "end_label_seq_id": 84, "secondary_structure": "helix" },
    { "label_asym_id": "B", "beg_label_seq_id": 95, "end_label_seq_id": 105, "secondary_structure": "helix" },
    { "label_asym_id": "B", "beg_label_seq_id": 143, "end_label_seq_id": 160, "secondary_structure": "helix" },
    { "label_asym_id": "B", "beg_label_seq_id": 166, "end_label_seq_id": 177, "secondary_structure": "helix" },
    { "label_asym_id": "B", "beg_label_seq_id": 180, "end_label_seq_id": 192, "secondary_structure": "helix" },
    { "label_asym_id": "B", "beg_label_seq_id": 194, "end_label_seq_id": 201, "secondary_structure": "helix" },
    { "label_asym_id": "B", "beg_label_seq_id": 201, "end_label_seq_id": 211, "secondary_structure": "helix" },
    { "label_asym_id": "B", "beg_label_seq_id": 213, "end_label_seq_id": 239, "secondary_structure": "helix" },
    { "label_asym_id": "B", "beg_label_seq_id": 247, "end_label_seq_id": 251, "secondary_structure": "helix" },
    { "label_asym_id": "B", "beg_label_seq_id": 252, "end_label_seq_id": 266, "secondary_structure": "helix" },
    { "label_asym_id": "B", "beg_label_seq_id": 276, "end_label_seq_id": 290, "secondary_structure": "helix" },
    { "label_asym_id": "B", "beg_label_seq_id": 292, "end_label_seq_id": 297, "secondary_structure": "helix" }
]
