{
    "label_asym_id": ["A", "A", "A", "A", "A", "A", "A", "A", "A", "A", "B", "B", "B", "B", "B", "B", "B", "B", "B", "B", "A", "A", "A", "A", "A", "A", "A", "A", "A", "A", "A", "A", "A", "A", "A", "B", "B", "B", "B", "B", "B", "B", "B", "B", "B", "B", "B", "B", "B"],
    "beg_label_seq_id": [25, 14, 4, 62, 89, 128, 118, 109, 242, 269, 25, 14, 4, 62, 89, 128, 118, 109, 242, 269, 35, 40, 72, 85, 95, 143, 166, 180, 194, 201, 213, 247, 252, 276, 292, 35, 40, 72, 95, 143, 166, 180, 194, 201, 213, 247, 252, 276, 292],
    "end_label_seq_id": [31, 19, 9, 67, 94, 132, 123, 114, 246, 271, 31, 19, 9, 67, 94, 132, 123, 114, 246, 272, 40, 57, 84, 87, 105, 160, 176, 192, 200, 211, 239, 251, 266, 290, 297, 40, 57, 84, 105, 160, 177, 192, 201, 211, 239, 251, 266, 290, 297],
    "secondary_structure": ["strand", "strand", "strand", "strand", "strand", "strand", "strand", "strand", "strand", "strand", "strand", "strand", "strand", "strand", "strand", "strand", "strand", "strand", "strand", "strand", "helix", "helix", "helix", "helix", "helix", "helix", "helix", "helix", "helix", "helix", "helix", "helix", "helix", "helix", "helix", "helix", "helix", "helix", "helix", "helix", "helix", "helix", "helix", "helix", "helix", "helix", "helix", "helix", "helix"],
    "sheet_id": ["A", "A", "A", "A", "A", "B", "B", "B", "B", "B", "C", "C", "C", "C", "C", "D", "D", "D", "D", "D", null, null, null, null, null, null, null, null, null, null, null, null, null, null, null, null, null, null, null, null, null, null, null, null, null, null, null, null, null]
}
